{"14 ST-UNION SQ_entries_mean": 2820.5941047410092, "14 ST-UNION SQ_entries_std": 2588.6554852220193, "WORLD TRADE CTR_entries_mean": 520.9926070781265, "WORLD TRADE CTR_entries_std": 553.4009202025212, "TIMES SQ-42 ST_entries_mean": 2899.0450252790233, "TIMES SQ-42 ST_entries_std": 2446.890692458351, "SPRING ST_entries_mean": 774.5893351139941, "SPRING ST_entries_std": 720.5239971960932, "GRD CNTRL-42 ST_entries_mean": 2808.8356863493273, "GRD CNTRL-42 ST_entries_std": 2436.666470102606, "DEKALB AV_entries_mean": 1114.718258132214, "DEKALB AV_entries_std": 830.4824393264563, "7 AV_entries_mean": 1218.4698559572641, "7 AV_entries_std": 958.7060030124989, "GREENPOINT AV_entries_mean": 326.2761614041782, "GREENPOINT AV_entries_std": 263.24221176897527, "14 ST-UNION SQ_exits_mean": 2892.660593341601, "14 ST-UNION SQ_exits_std": 2298.5116067017916, "WORLD TRADE CTR_exits_mean": 402.63617285128305, "WORLD TRADE CTR_exits_std": 345.8296052201466, "TIMES SQ-42 ST_exits_mean": 2495.9511590193647, "TIMES SQ-42 ST_exits_std": 2199.2916069565795, "SPRING ST_exits_mean": 526.0041495755032, "SPRING ST_exits_std": 412.80105652136376, "GRD CNTRL-42 ST_exits_mean": 2384.024468186588, "GRD CNTRL-42 ST_exits_std": 2237.7418994618442, "DEKALB AV_exits_mean": 434.86258704569303, "DEKALB AV_exits_std": 272.56788082895656, "7 AV_exits_mean": 1144.9239721453782, "7 AV_exits_std": 832.5420770623209, "GREENPOINT AV_exits_mean": 236.21687494037965, "GREENPOINT AV_exits_std": 179.10892151232102}